id,time,measurement
1,pre,134.420845762298
2,pre,135.475970323723
3,pre,137.17148833303
4,pre,135.410285440321
5,pre,134.175839004643
6,pre,131.183195223375
7,pre,136.109216585981
8,pre,139.439678944736
9,pre,131.69088477469
10,pre,142.640400163222
1,post,124.988134583306
2,post,126.30051882341
3,post,129.916092865437
4,post,122.561234848753
5,post,128.050634755516
6,post,125.969095654278
7,post,124.066604593195
8,post,124.987732264703
9,post,125.398111799579
10,post,121.86316654233
